Document ID,uploadLinkId,fullName,name,description,Date Requested,status,uploads
recLqKnetOsnWsu6L,recyURnx1sgdulLFj,,"Driver Lisence
",Provide your not expired DL,2/3/2026 5:43am,Uploaded,DriverLicence
rec9VKMzQaw6iO6NO,recyURnx1sgdulLFj,,Passport,Provide your not expired Passport,2/3/2026 5:43am,Uploaded,Passport
recqQNPQhhPy6cIB3,recyURnx1sgdulLFj,,Bank Statement,Bank statement for last 1 month,2/3/2026 5:43am,Requested,
recnQcpIiofQyIxvx,recyURnx1sgdulLFj,,Paystabs,Paystabs statement showing your name,2/3/2026 5:43am,Requested,
rec9CJ9ej6uEuxPBK,recOGHDs7uszuKgMQ,,Driver Licence,Give us not expired DL,2/23/2026 11:28am,Requested,
recF2lxAdHzRpu7hV,recOGHDs7uszuKgMQ,,Paystubs,Gives us 2 moths statement,2/23/2026 11:29am,Uploaded,Paystub
recKRHTKaFca3neJH,reccwMax0zqctdbFZ,,Proof of Identity,"Government-issued ID (e.g., Driver's License, Passport)",3/9/2026 2:44pm,Requested,"Screenshot 2025-04-23 at 9.03.36 AM.png,Screenshot 2025-04-23 at 9.01.42 AM.png"
recBFzcLAyLWLmoO4,reccwMax0zqctdbFZ,,Proof of Address,Utility bill or bank statement from the last 3 months,3/9/2026 2:44pm,Requested,"Screenshot 2025-04-23 at 8.59.42 AM.png,Screenshot 2025-04-23 at 8.59.42 AM.png"
reculWwly5CFjcCdX,reccwMax0zqctdbFZ,,Proof of Income,Pay stubs from the last 2 months or an employment letter,3/9/2026 2:44pm,Uploaded,"Screenshot 2025-04-23 at 9.04.02 AM.png,Screenshot 2025-04-23 at 9.04.02 AM.png"
rec9tm4clQZ3Ur5B2,recZS25gRAhdZVKo0,,Proof of Identity,"A valid government-issued ID (e.g., driver's license, passport)",3/10/2026 4:15pm,Uploaded,
rechkKX1KguwSFIAN,recZS25gRAhdZVKo0,,Proof of Income,Recent pay stubs or bank statements,3/10/2026 4:15pm,Requested,
recg0HKhZzIdaZWEM,recTFQwMeqcoxDgAY,,Proof of Identity,"A valid government-issued ID (e.g., driver's license, passport).",3/11/2026 4:49pm,Uploaded,Screenshot 2025-04-23 at 8.59.42 AM.png
recLwZ8CM7IezPU8V,recTFQwMeqcoxDgAY,,Proof of Income,Recent pay stubs or bank statements showing income deposits.,3/11/2026 4:49pm,Uploaded,Screenshot 2025-04-23 at 9.01.42 AM.png
reci4HTyS3Xs4ktCW,recGQB0ON8e3vG2oD,,Proof of Identity,"A valid government-issued ID (e.g., Driver's License, Passport)",3/25/2026 4:39pm,Uploaded,"smartcity.webp,smartcity.jpeg"
rec6PWTW1ifNtLdo7,recGQB0ON8e3vG2oD,,Proof of Income,Recent pay stubs or bank statements showing regular income,3/25/2026 4:39pm,Uploaded,"sf background.png,smartcity.webp"
recl90itGBWoyqkeY,recaeISJSNyoq7slw,,Government-issued identification,Valid government-issued ID for identity verification.,3/30/2026 9:28am,Uploaded,Screenshot 2025-04-23 at 9.03.36 AM.png
recUTYPxyDub6Ydp0,recaeISJSNyoq7slw,,Last 2-3 months of pay stubs,Recent pay stubs to verify income.,3/30/2026 9:28am,Uploaded,Screenshot 2025-04-23 at 9.04.02 AM.png
recR6kR8QIg0AZeYj,recaeISJSNyoq7slw,,Employer verification letter,Letter from employer verifying employment status.,3/30/2026 9:28am,Uploaded,Screenshot 2025-04-23 at 9.03.36 AM.png
recLQHMXiE6zn5E5s,recaeISJSNyoq7slw,,Loan Purpose,A short description of how the loan will be used.,3/30/2026 9:28am,Uploaded,"Screenshot 2025-04-23 at 9.03.36 AM.png,Screenshot 2025-04-23 at 9.03.36 AM.png"
recyA37wJ9kP0TB3P,recaeISJSNyoq7slw,,Proof of active bank account,Documentation to prove an active bank account.,3/30/2026 9:28am,Uploaded,Screenshot 2025-04-23 at 8.59.42 AM.png
recCgi0yAGPhXvpX5,recaeISJSNyoq7slw,,Confirmation of no active collections,Proof that the applicant has no active collections.,3/30/2026 9:28am,Uploaded,Screenshot 2025-04-23 at 8.59.42 AM.png
recb0T1fGJMDq8GWg,recMXeJLi6aCszcqr,,Proof of Identity,"Government-issued ID (e.g., driver's license, passport)",3/30/2026 4:53pm,Requested,
rec35gNm1TqTpCZlB,recMXeJLi6aCszcqr,,Proof of Income,Recent pay stubs or bank statements,3/30/2026 4:53pm,Requested,
recd0U8TdmbOpGmkb,recMXeJLi6aCszcqr,,Proof of Address,Utility bill or rental agreement,3/30/2026 4:53pm,Requested,
recRBdbCD7QqPE6OG,recOtUwA1QUOvqgQt,,Government-issued identification,Valid government-issued ID for identity verification.,3/31/2026 10:15am,Uploaded,Screenshot 2025-04-23 at 9.04.02 AM.png
recjePj91K9LmIbrj,recOtUwA1QUOvqgQt,,Last 2-3 pay stubs,Recent pay stubs to verify income.,3/31/2026 10:15am,Uploaded,Screenshot 2025-04-23 at 8.59.42 AM.png
recABROqi5imyJHwr,recOtUwA1QUOvqgQt,,Employer verification letter,Official letter from employer verifying employment.,3/31/2026 10:15am,Uploaded,Screenshot 2025-04-23 at 9.01.42 AM.png
recIKzxxAJ6pmBl26,recz1yHXbIenJBwfZ,,Proof of Identity,"Government-issued ID (e.g., Driver's License, Passport)",4/1/2026 12:42pm,Requested,
recQ9pbFy4swNY9oK,recz1yHXbIenJBwfZ,,Proof of Income,Most recent pay stubs or bank statements showing income,4/1/2026 12:42pm,Requested,
rec1t5Y8yEupmPfgs,recz1yHXbIenJBwfZ,,Proof of Address,Utility bill or bank statement with current address,4/1/2026 12:42pm,Requested,
reclZnZgefHIPRHnw,recLihBEkAeKZ3oxs,,Proof of Identity,"Government-issued ID (e.g., Driver's License, Passport)",4/1/2026 12:44pm,Requested,
recd9p2QmCZVb18q7,recLihBEkAeKZ3oxs,,Proof of Address,Utility bill or bank statement showing current address,4/1/2026 12:44pm,Requested,
recoh4em27O7Jt6Gh,recLihBEkAeKZ3oxs,,Proof of Income,Recent pay stubs or bank statements covering the last three months,4/1/2026 12:44pm,Requested,
rec8CYBGaKRJA21Dg,recsZqqIIKKmAlOxY,,Proof of Identity,Driver's License or Passport,4/1/2026 4:16pm,Requested,
recFXCbbaTpb6QY9N,recsZqqIIKKmAlOxY,,Proof of Address,Utility Bill or Bank Statement,4/1/2026 4:16pm,Requested,
recaBYHVu6vhH8bNn,recsZqqIIKKmAlOxY,,Proof of Income,Recent Pay Stubs or Bank Statements,4/1/2026 4:16pm,Requested,
rec4Sd31orVQEIIfq,recIv7WZkcif7cNaz,,Proof of Identity,"A valid government-issued ID (e.g., Driver's License, Passport)",4/1/2026 4:49pm,Approved,"Screenshot 2025-04-23 at 8.59.42 AM.png,Screenshot 2025-04-23 at 9.01.42 AM.png"
recwShK0ryLYRFuPR,recIv7WZkcif7cNaz,,Proof of Address,A recent utility bill or bank statement showing your current address,4/1/2026 4:49pm,Approved,Screenshot 2025-04-23 at 9.04.02 AM.png
recZKNH72QDQTYwG5,recIv7WZkcif7cNaz,,Proof of Income,Recent pay stubs or bank statements showing regular income deposits,4/1/2026 4:49pm,Approved,"Screenshot 2025-04-23 at 9.03.36 AM.png,Screenshot 2025-04-23 at 8.59.42 AM.png"
recDyPoyAVPHk6YWi,recY4Y4HS3GBswIUi,,Proof of Identity,"A valid government-issued ID (e.g., Driver's License, Passport)",4/3/2026 5:23am,Uploaded,Screenshot 2025-04-23 at 8.59.42 AM.png
rec5wwpgTankb9CCw,recY4Y4HS3GBswIUi,,Proof of Address,A recent utility bill or bank statement showing your current address,4/3/2026 5:23am,Uploaded,Screenshot 2025-04-23 at 9.01.42 AM.png
recncM0rFm78bJFNw,recY4Y4HS3GBswIUi,,Proof of Income,Your two most recent pay stubs or bank statements showing your monthly income,4/3/2026 5:23am,Uploaded,Screenshot 2025-04-23 at 9.04.02 AM.png
recIhsKpQjqfg9vBY,recguJeRvmCHonBwz,,Proof of Identity,"Government-issued ID (e.g., Driver's License, Passport)",4/3/2026 5:31am,Uploaded,Screenshot 2025-04-23 at 9.04.02 AM.png
recOddCzYJA7JDb2T,recguJeRvmCHonBwz,,Proof of Address,Utility bill or bank statement (dated within the last 3 months),4/3/2026 5:31am,Uploaded,Screenshot 2025-04-23 at 8.59.42 AM.png
rec9RPtpNkVBmDZcL,recguJeRvmCHonBwz,,Proof of Income,Recent pay stubs or employment letter,4/3/2026 5:31am,Uploaded,Screenshot 2025-04-23 at 9.03.36 AM.png
recFSxFtaHHqApBGP,recguJeRvmCHonBwz,,Bank Statements,Statements from the last 3 months to verify income and expenses,4/3/2026 5:31am,Uploaded,Screenshot 2025-04-23 at 9.01.42 AM.png
rechgulQQK3i7Psj4,reclM7D11ATDA3P8n,,Proof of Identity,A copy of your valid Driver's License or Passport.,4/3/2026 3:52pm,Uploaded,Screenshot 2025-04-23 at 9.03.36 AM.png
recCAYeCk8KeKtqwT,reclM7D11ATDA3P8n,,Proof of Address,A recent utility bill or bank statement showing your current address.,4/3/2026 3:52pm,Uploaded,Screenshot 2025-04-23 at 9.01.42 AM.png
recFIJwswwobmTzIM,reclM7D11ATDA3P8n,,Proof of Income,Your two most recent pay stubs or bank statements showing your monthly income.,4/3/2026 3:52pm,Uploaded,Screenshot 2025-04-23 at 9.04.02 AM.png
recd3cbZIn7igNJvM,recgwbgQ804ZF5R8R,,Proof of Identity,"A valid government-issued ID (e.g., Driver's License, Passport)",4/3/2026 4:09pm,Approved,Screenshot 2025-04-23 at 9.01.42 AM.png
recsNrBR3204Bvp9A,recgwbgQ804ZF5R8R,,Proof of Address,A utility bill or bank statement showing your current address,4/3/2026 4:09pm,Approved,Screenshot 2025-04-23 at 9.04.02 AM.png
recTrDgbrEDBA7T6y,recgwbgQ804ZF5R8R,,Proof of Income,Latest pay stubs or bank statements showing monthly income,4/3/2026 4:09pm,Approved,"Screenshot 2025-04-23 at 8.59.42 AM.png,Screenshot 2025-04-23 at 9.03.36 AM.png"
recaYj6oEzLsdP3gl,rec0cMI3yzxjPJKhV,,Proof of Identity,"A valid government-issued ID (e.g., Driver's License, Passport).",4/6/2026 7:33am,Uploaded,Screenshot 2025-04-23 at 9.03.36 AM.png
recPUCQjkC9iczS0k,rec0cMI3yzxjPJKhV,,Proof of Address,A recent utility bill or bank statement showing your current address.,4/6/2026 7:33am,Uploaded,Screenshot 2025-04-23 at 8.59.42 AM.png
recqOLfpmrBwA9KzB,rec0cMI3yzxjPJKhV,,Proof of Income,Recent pay stubs or bank statements showing your monthly income.,4/6/2026 7:33am,Uploaded,Screenshot 2025-04-23 at 9.04.02 AM.png
reck0IshjVXrOMJ75,recp82N4uaGXIYwXv,,Proof of Identity,"A valid government-issued ID (e.g., Driver's License, Passport).",4/6/2026 10:41am,Uploaded,Screenshot 2025-04-23 at 9.03.36 AM.png
recmPfj5hUFcBwip0,recp82N4uaGXIYwXv,,Proof of Address,A recent utility bill or bank statement showing your current address.,4/6/2026 10:41am,Uploaded,Screenshot 2025-04-23 at 9.03.36 AM.png
recMENtkfDRG7fYtW,recp82N4uaGXIYwXv,,Proof of Income,Recent pay stubs or bank statements showing regular income.,4/6/2026 10:41am,Uploaded,Screenshot 2025-04-23 at 9.01.42 AM.png
rec27SmwygwtkhbhT,recp82N4uaGXIYwXv,,Signed Loan Agreement,The official document outlining the loan terms and conditions.,4/6/2026 10:41am,Uploaded,"Screenshot 2025-04-23 at 8.59.42 AM.png,Screenshot 2025-04-23 at 9.04.02 AM.png"
receHaKFiWjKoDWzu,reccpcXCCvjILczcU,,Proof of Identity,"Government-issued ID (e.g., Driver's License, Passport)",4/6/2026 3:13pm,Uploaded,Proof_of_ID.jpeg
rec3kf6RthXUzu8Ry,reccpcXCCvjILczcU,,Proof of Address,Utility bill or bank statement showing your current address,4/6/2026 3:13pm,Uploaded,Proof_of_address.jpeg
rec8B2gU9AgjpA6v0,reccpcXCCvjILczcU,,Proof of Income,Recent pay stubs or bank statements showing your monthly income,4/6/2026 3:13pm,Uploaded,"Proof_of_income.jpg,Screenshot 2025-04-23 at 8.59.42 AM.png"
recPFk68qZmuW7wbS,reccpcXCCvjILczcU,,Dental Loan Statement,Statement from your current dental loan provider,4/6/2026 3:13pm,Uploaded,Dental_loan_statement.jpeg
recNd7KKrHweeSqfJ,reci6cbm4Q9YWY082,,Proof of Identity,"Government-issued ID (e.g., driver's license, passport)",4/6/2026 3:47pm,Requested,
recjlkIScBHge8pSO,reci6cbm4Q9YWY082,,Proof of Address,Utility bill or bank statement,4/6/2026 3:47pm,Requested,
receWABHe5sReX31p,reci6cbm4Q9YWY082,,Proof of Income,Recent pay stubs or bank statements,4/6/2026 3:47pm,Requested,
recMojaYC1qM1STZy,rec4SjoU4KOcT0kTo,,Proof of Employment,Most recent pay stubs or an employment verification letter from your current employer.,4/6/2026 4:14pm,Requested,
recqzWjJLWeyHZBH9,rec4SjoU4KOcT0kTo,,Proof of Income,Bank statements from the last 3 months showing income deposits.,4/6/2026 4:14pm,Requested,
recWUkc05q37UEt8e,recTlk3NcZ85TIKq8,,Proof of Employment,Most recent pay stubs or an employment verification letter from your current employer.,4/6/2026 4:54pm,Uploaded,Screenshot 2025-04-23 at 9.04.02 AM.png
recMyDT6nKP9pPUMg,recTlk3NcZ85TIKq8,,Proof of Income,Bank statements from the last 3 months showing income deposits.,4/6/2026 4:54pm,Uploaded,"Screenshot 2025-04-23 at 9.01.42 AM.png,I-9Presentation.pdf"
recwS9osP56H91NNl,recsnbQfvswbD3pr1,,Proof of Identity,"Valid government-issued ID (e.g., driver's license, passport)",4/7/2026 3:20pm,Requested,
rec60f0dpZrv8tifS,recsnbQfvswbD3pr1,,Proof of Address,Utility bill or bank statement from the last 3 months,4/7/2026 3:20pm,Requested,
recErUeOLPzXRxDCU,recsnbQfvswbD3pr1,,Proof of Income,Recent pay stubs or bank statements showing income,4/7/2026 3:20pm,Requested,
rec8jYAGqnaeH6FTn,recorhjiqnQlWAn4F,,Proof of Identity,A valid government-issued ID such as a driver's license or passport.,4/7/2026 3:27pm,Approved,Screenshot 2025-04-23 at 8.59.42 AM.png
recSPrnBsRsESvtE1,recorhjiqnQlWAn4F,,Proof of Address,A recent utility bill or bank statement showing your current address.,4/7/2026 3:27pm,Approved,Screenshot 2025-04-23 at 9.03.36 AM.png
recOWvmmw3w3rDMnM,recorhjiqnQlWAn4F,,Proof of Income,Your two most recent pay stubs or bank statements showing income deposits.,4/7/2026 3:27pm,Approved,"Screenshot 2025-04-23 at 9.04.02 AM.png,I-9Presentation.pdf"
reczMbYOQfW0H37Ho,recj7dtgVd19dnwx7,,Proof of Identity,A copy of your driver's license or passport.,4/8/2026 10:25am,Uploaded,Proof_of_ID.jpeg
rece0HSRjC25bIo0N,recj7dtgVd19dnwx7,,Proof of Address,A recent utility bill or bank statement.,4/8/2026 10:25am,Uploaded,Proof_of_address.jpeg
recrdrr2CyOHpa8MD,recj7dtgVd19dnwx7,,Proof of Income,Recent pay slips or bank statements showing income.,4/8/2026 10:25am,Uploaded,Proof_of_income.jpg
recLxUmHpGHolOmd0,recj7dtgVd19dnwx7,,Bank Statements,Last three months of bank statements.,4/8/2026 10:25am,Uploaded,Bank_Statements.jpg
recEK76zGpkuogJN6,recj7dtgVd19dnwx7,,Employment Verification,A letter from your employer confirming your employment status.,4/8/2026 10:25am,Uploaded,Proof_of_income.jpg
recBahAP2MzvGHVcF,rec3cZLguNt3IOvTh,Maria Lira,Government-issued ID,Driver's license or passport for identity verification,4/8/2026 10:31am,Requested,
recaW85OHvJGIY6eY,rec3cZLguNt3IOvTh,Maria Lira,Proof of income,Recent pay stubs to confirm employment and income,4/8/2026 10:31am,Requested,
reciaCuo4bqYRb6mQ,rec3cZLguNt3IOvTh,Maria Lira,Proof of address,Utility bill or bank statement to confirm residence,4/8/2026 10:31am,Requested,
reclKibk8guNqSwL0,rec3cZLguNt3IOvTh,Maria Lira,Bank statements,Last 3 months of bank statements to assess financial stability,4/8/2026 10:31am,Requested,
reccUWgljUAgwsRyI,rec4IlIjIcNy3breJ,Josephina Napoleon,Government-issued identification,Driver's License or Passport,4/8/2026 11:18am,Approved,Screenshot 2025-04-23 at 8.59.42 AM.png
recU0aBnuDBxXbHXs,rec4IlIjIcNy3breJ,Josephina Napoleon,Last 2–3 pay stubs,Recent pay stubs to verify income,4/8/2026 11:18am,Approved,I-9Presentation.pdf
rec7IsAcEjkhIYs9q,rec4IlIjIcNy3breJ,Josephina Napoleon,Employer verification letter,Letter confirming employment status and income,4/8/2026 11:18am,Approved,Screenshot 2025-04-23 at 9.01.42 AM.png
recxq07eAvBUwx1cj,rec77EqvaTV4akUnp,Josephina Napoleon,Proof of Identity,Passport or driver's license,4/8/2026 12:26pm,Uploaded,Screenshot 2025-04-23 at 8.59.42 AM.png
recaPvpiMEwfcvEIi,rec77EqvaTV4akUnp,Josephina Napoleon,Proof of Address,Utility bill or bank statement,4/8/2026 12:26pm,Uploaded,Screenshot 2025-04-23 at 9.04.02 AM.png
recBj3ImHJWBuLdZg,rec77EqvaTV4akUnp,Josephina Napoleon,Proof of Income,Pay stubs or employment letter,4/8/2026 12:26pm,Uploaded,Screenshot 2025-04-23 at 9.01.42 AM.png
rec9Sp2h0ImDc3ifQ,rec77EqvaTV4akUnp,Josephina Napoleon,Bank Statements,To verify financial status,4/8/2026 12:26pm,Uploaded,Screenshot 2025-04-23 at 8.59.42 AM.png
recuTzLP80fZ6i47m,recc0KHWYOKoivQo0,James Lee,Driver’s License or Passport,Government-issued identification for identity verification.,4/8/2026 4:13pm,Requested,
reclctFA9jefNcIr6,recc0KHWYOKoivQo0,James Lee,Last 2–3 pay stubs,Recent pay stubs to verify income.,4/8/2026 4:13pm,Requested,
recToNOV1Cmxvxv9J,recc0KHWYOKoivQo0,James Lee,Employer verification letter,Documentation from the employer confirming employment.,4/8/2026 4:13pm,Requested,
recyy0kXPUj9YjBSL,recOvCIf8CVoj3gau,James Lee,Government-issued ID,A valid government-issued identification document such as a Driver's License or Passport.,4/8/2026 4:17pm,Uploaded,DL Example.png
recgJHYYuM5lDIOtl,recOvCIf8CVoj3gau,James Lee,Pay Stubs,Your last 2-3 pay stubs to verify income.,4/8/2026 4:17pm,Uploaded,Proof of Address example.jpg
recVZ0kBEE6VOmVqv,recOvCIf8CVoj3gau,James Lee,Employer Verification Letter,A letter from your employer verifying your employment.,4/8/2026 4:17pm,Uploaded,Freelancer-Proof-of-Income-Template-edit-online.png
reczbarn7LPJou1RT,rec5w5eidW4F3F7wM,Lucy Lola,Government-issued ID,Valid unexpired identification document such as a driver's license or passport.,4/8/2026 4:27pm,Requested,
recThoUJOTm2Geu95,rec5w5eidW4F3F7wM,Lucy Lola,Pay Stubs,Last 2-3 months of pay stubs.,4/8/2026 4:27pm,Requested,
recGkWN8ofeAxkZsM,rec5w5eidW4F3F7wM,Lucy Lola,Employer Verification Letter,Official letter from your employer verifying employment.,4/8/2026 4:27pm,Requested,
recmXAZdKEkYaFVvv,rec5w5eidW4F3F7wM,Lucy Lola,Proof of Address,A utility bill or bank statement showing your current residential address.,4/8/2026 4:27pm,Requested,
reccIVHER4qcVv1k5,rec5w5eidW4F3F7wM,Lucy Lola,Bank Statements,Last 2 months of bank statements to verify an active account.,4/8/2026 4:27pm,Requested,
recm56Ny9G93pCo2t,recHl4fPq7r7m27TN,Richard Geer,Proof of Identity,Passport or driver's license,4/8/2026 6:06pm,Requested,
recaeyWRFR4Km7GxU,recHl4fPq7r7m27TN,Richard Geer,Proof of Address,Utility bill or bank statement,4/8/2026 6:06pm,Requested,
recE9kqfzXvl6JxiY,recHl4fPq7r7m27TN,Richard Geer,Proof of Income,Pay stubs or employment letter,4/8/2026 6:06pm,Requested,
recWlFnbjXi9Qv5rT,recHl4fPq7r7m27TN,Richard Geer,Bank Statements,Last 3 months of bank statements,4/8/2026 6:06pm,Requested,
recP1Gg0qpjL66pnQ,recHl4fPq7r7m27TN,Richard Geer,Loan Application Form,Signed loan application form,4/8/2026 6:06pm,Requested,
recFMyswGtSRdsE56,rec4o02DVOTwDPe0r,Jessica Alba,Government-issued ID,"A copy of a valid photo ID (e.g., driver’s license or passport) to verify identity and date of birth.",4/8/2026 6:12pm,Requested,
recDdp5v0quCnEnR3,rec4o02DVOTwDPe0r,Jessica Alba,Proof of Income,"Recent pay stubs covering the last 2 pay periods or an employer letter confirming monthly income of $5,000.",4/8/2026 6:12pm,Requested,
recqjBaBewh4aghip,rec4o02DVOTwDPe0r,Jessica Alba,Bank Statements,Bank statements for the last 2 months to confirm income deposits and assess cash flow.,4/8/2026 6:12pm,Requested,
reclRBzbf3aAfTywq,rec4o02DVOTwDPe0r,Jessica Alba,Vehicle Repair Estimate/Invoice,An itemized estimate or invoice from a repair shop showing the cost to fix the vehicle (used to verify the loan purpose).,4/8/2026 6:12pm,Requested,
recSG5TZGRhTckFk1,rec4o02DVOTwDPe0r,Jessica Alba,Proof of Address,"A recent utility bill or official mail showing the applicant’s name and current address: 212 C St, Anchorage, Alaska.",4/8/2026 6:12pm,Requested,
recETQaZ3vlIX1xOV,rec4o02DVOTwDPe0r,Jessica Alba,Employment Verification,Contact information for the employer or a recent employment verification letter confirming employment status.,4/8/2026 6:12pm,Requested,
recAIe51wkLa2YvC8,recQL5uEhFBWowHIt,JAckie Rose,Government-issued ID (Driver's License or Passport),"Current, unexpired photo ID to verify identity.",4/8/2026 6:23pm,Requested,
recxC1ZkKTvYMoMcf,recQL5uEhFBWowHIt,JAckie Rose,Recent Pay Stubs (Last 2 months),Copies of the most recent pay stubs to verify income.,4/8/2026 6:23pm,Requested,
recTSiMNBu77JRFtC,recQL5uEhFBWowHIt,JAckie Rose,Employer Verification Letter,A letter from employer confirming employment status and income.,4/8/2026 6:23pm,Requested,
recoRV3GZFjc3XZVn,recQL5uEhFBWowHIt,JAckie Rose,Bank Statements (Last 2 months),Statements to verify an active bank account and recent deposits.,4/8/2026 6:23pm,Requested,
recSELId49uV9pX8G,recQL5uEhFBWowHIt,JAckie Rose,"Proof of Residential Address (e.g., utility bill)",Document showing name and current address to resolve any identity or address inconsistencies.,4/8/2026 6:23pm,Requested,
recZkwxp13RQMoJeb,recUaQkAEgvRMvpDw,John Wick,Government-issued ID,"Current, unexpired driver’s license or passport to verify identity.",4/13/2026 6:43am,Requested,
rec7jmXQk943xMFAS,recUaQkAEgvRMvpDw,John Wick,Pay Stubs (last 2–3 months),Most recent 2–3 consecutive pay stubs to verify employment and income.,4/13/2026 6:43am,Requested,
rectHFxYaS1fR1K7X,recUaQkAEgvRMvpDw,John Wick,Employer Verification Letter,"Letter or HR statement confirming employment status, position, and income.",4/13/2026 6:43am,Requested,
rec5e6FhDZXIYPA2s,recUaQkAEgvRMvpDw,John Wick,Proof of Bank Account,Recent bank statement or voided check showing an active account in applicant's name.,4/13/2026 6:43am,Requested,
recjj1THeMyQhXfAg,recUaQkAEgvRMvpDw,John Wick,Proof of Residential Address,"Recent utility bill, bank statement, or lease agreement showing the applicant’s current address (for identity/address verification).",4/13/2026 6:43am,Requested,
recgFngPXdHKHu4Es,recigfEwyfNJcdY77,Miranda Spelbeerg,Government-issued ID,"A current, unexpired driver's license or passport to verify identity.",4/13/2026 8:29am,Approved,Screenshot 2025-04-23 at 9.04.02 AM.png
recWyVj2ntxVcZpUp,recigfEwyfNJcdY77,Miranda Spelbeerg,Recent Pay Stubs (last 2–3),Most recent 2–3 pay stubs to verify employment and monthly income.,4/13/2026 8:29am,Approved,Screenshot 2025-04-23 at 8.59.42 AM.png
recxalaY6pgFxHSyQ,recigfEwyfNJcdY77,Miranda Spelbeerg,Employer Verification Letter,A letter from the employer confirming employment status and income.,4/13/2026 8:29am,Approved,Screenshot 2025-04-23 at 9.03.36 AM.png
recXbnpN7zwbNxo83,recigfEwyfNJcdY77,Miranda Spelbeerg,Bank Statement (last 2 months),Recent bank statements to confirm an active bank account and transaction history.,4/13/2026 8:29am,Approved,Screenshot 2025-04-23 at 9.03.36 AM.png
recA583bM9o3OKZiE,recprTnniyjGxNApq,Mandy Liv,Government-issued ID,A current driver's license or passport to verify identity and date of birth.,4/13/2026 10:42am,Approved,DL Example.png
recQ7OpRScZ74XsAh,recprTnniyjGxNApq,Mandy Liv,Pay stubs (last 2 months),Most recent 2 pay stubs to verify employment and monthly income.,4/13/2026 10:42am,Approved,Proof of Address example.jpg
rec6QAUiDGoUYsLnn,recprTnniyjGxNApq,Mandy Liv,Bank statement (last 2 months),Recent bank statements or a voided check to verify an active bank account for deposit and payments.,4/13/2026 10:42am,Approved,Freelancer-Proof-of-Income-Template-edit-online.png
rec4DMGqMqdIsXySU,recprTnniyjGxNApq,Mandy Liv,Employer verification letter,A letter from your employer confirming employment status and income (preferred for employed applicants).,4/13/2026 10:42am,Approved,"Freelancer-Proof-of-Income-Template-edit-online.png,Proof of Address example.jpg"
recejlmXVUkTftGMv,recaAT8nIp5iJZ86P,Alexander Goldin,Government-issued ID,"A current, unexpired photo ID such as a driver's license or passport to verify identity.",4/13/2026 11:22am,Approved,"Screenshot 2025-04-23 at 9.04.02 AM.png,Screenshot 2025-04-23 at 9.03.36 AM.png"
recP33IOuIguklbXA,recaAT8nIp5iJZ86P,Alexander Goldin,Pay stubs (last 2 months),Recent pay stubs covering the last 2 months to verify employment and monthly income.,4/13/2026 11:22am,Approved,"Screenshot 2025-04-23 at 8.59.42 AM.png,Screenshot 2025-04-23 at 8.59.42 AM.png,I-9Presentation.pdf"
recohd5YLiHMsXYhZ,recaAT8nIp5iJZ86P,Alexander Goldin,Employer verification letter,A letter from your employer confirming employment status and income.,4/13/2026 11:22am,Approved,"Screenshot 2025-04-23 at 9.03.36 AM.png,Screenshot 2025-04-23 at 8.59.42 AM.png,Screenshot 2025-04-23 at 9.04.02 AM.png"
recZbfFNmkMn2zdb7,recaAT8nIp5iJZ86P,Alexander Goldin,Proof of residential address,A utility bill or similar document showing your name and current residential address.,4/13/2026 11:22am,Approved,"Screenshot 2025-04-23 at 9.04.02 AM.png,Screenshot 2025-04-23 at 9.01.42 AM.png"
recbajDXrZreAeqAm,recdKaUNmEaVUSZQ5,David Smith,Government-issued ID (Driver's License or Passport),"A current, unexpired photo ID to verify identity and date of birth.",4/14/2026 1:16pm,Requested,
rec14r3odpbrukJcZ,recdKaUNmEaVUSZQ5,David Smith,Pay stubs (Last 2 months),Recent pay stubs covering the last two months to verify employment and income.,4/14/2026 1:16pm,Requested,
recGBgyWT9eNKXs5x,recdKaUNmEaVUSZQ5,David Smith,Employer Verification Letter,A letter from your employer confirming employment status and position (if available).,4/14/2026 1:16pm,Requested,
recH4YVZtDzhSkSw8,recdKaUNmEaVUSZQ5,David Smith,Recent Bank Statement (Last 2 months),Bank statement showing active account and transaction history to verify an active bank account.,4/14/2026 1:16pm,Requested,
recJmW3lMzUL6DWQC,recdKaUNmEaVUSZQ5,David Smith,Proof of Residential Address (Utility bill or Lease),A recent utility bill or lease agreement showing the applicant's name and residential address to confirm address.,4/14/2026 1:16pm,Requested,
recUp3Hmd9R0LKlV1,recmFweFJV2ILNwS6,John Smith,Government-issued ID (Driver's License or Passport),"A current, unexpired ID to verify identity.",4/15/2026 4:18pm,Uploaded,Screenshot 2025-04-23 at 9.01.42 AM.png
recZkydM7JczhDadp,recmFweFJV2ILNwS6,John Smith,Pay stubs (Last 2–3 months),Recent pay stubs to verify employment and income (minimum last 2 months).,4/15/2026 4:18pm,Uploaded,Screenshot 2025-04-23 at 8.59.42 AM.png
recMD5zxXxP41vxY8,recmFweFJV2ILNwS6,John Smith,Proof of active bank account (Bank statement),Recent bank statement showing an active account for disbursement and verification.,4/15/2026 4:18pm,Uploaded,"Screenshot 2025-04-23 at 9.03.36 AM.png,Screenshot 2025-04-23 at 9.03.36 AM.png"
recO2JNDPROPOEPhM,recmFweFJV2ILNwS6,John Smith,Employer verification letter,Optional letter from employer confirming employment status and income.,4/15/2026 4:18pm,Uploaded,"Screenshot 2025-04-23 at 9.04.02 AM.png,Screenshot 2025-04-23 at 9.03.36 AM.png"
rec6qiEvX4iQuRiCw,recmFweFJV2ILNwS6,John Smith,Proof of residential address,"Utility bill or similar document to confirm the applicant's residential address, if requested for identity verification.",4/15/2026 4:18pm,Uploaded,Screenshot 2025-04-23 at 8.59.42 AM.png
recZ8MdjVm3tkwmft,reckGYSOjLF3H7ENy,Robert De Niro,Government-issued ID,Valid government-issued photo ID (driver's license or passport); must be current and unexpired.,4/17/2026 4:37pm,Uploaded,Screenshot 2025-04-23 at 9.04.02 AM.png
rec9bbeQcJbA23eXd,reckGYSOjLF3H7ENy,Robert De Niro,Recent Pay Stubs,Most recent 2 pay stubs to verify employment and monthly income.,4/17/2026 4:37pm,Uploaded,Screenshot 2025-04-23 at 9.01.42 AM.png
recdmrpm1Fq6x6el5,reckGYSOjLF3H7ENy,Robert De Niro,Bank Statement or Voided Check,Recent bank statement (last 1–2 months) or a voided check to verify an active bank account.,4/17/2026 4:37pm,Uploaded,"Screenshot 2025-04-23 at 9.03.36 AM.png,Screenshot 2025-04-23 at 9.03.36 AM.png,Screenshot 2025-04-23 at 9.04.02 AM.png"
rec9Xp63i7tOQIGBS,reckGYSOjLF3H7ENy,Robert De Niro,Employer Verification Letter,Letter or contact information from employer confirming current employment (helpful for verification).,4/17/2026 4:37pm,Uploaded,"Screenshot 2025-04-23 at 8.59.42 AM.png,Screenshot 2025-04-23 at 8.59.42 AM.png"
recluuPDpTGhoxjuw,recDT8GQSEgBjNRxX,Donald Trump,Government-issued ID (Driver's License or Passport),"A current, unexpired government-issued photo ID to verify identity.",4/18/2026 12:10pm,Requested,
recweLHZrFcB9jjaA,recDT8GQSEgBjNRxX,Donald Trump,Pay Stubs (Last 2–3 months),Recent pay stubs to verify employment and monthly income.,4/18/2026 12:10pm,Requested,
recJ8MoSAk3J4w3lg,recDT8GQSEgBjNRxX,Donald Trump,Employer Verification Letter,A letter from your employer confirming employment status and income.,4/18/2026 12:10pm,Requested,
recrM1eFF3aaDItc4,recDT8GQSEgBjNRxX,Donald Trump,Bank Statement or Voided Check,A recent bank statement or voided check showing an active bank account for deposit/repayment verification.,4/18/2026 12:10pm,Requested,
recZBJADeC8QmNs4L,recDT8GQSEgBjNRxX,Donald Trump,Proof of Residential Address,"A utility bill, lease agreement, or similar document showing the applicant's name and residential address (requested due to potential email/name mismatch).",4/18/2026 12:10pm,Requested,
recsxMyYMatlUy60i,reciyqLYweaAbCvni,Annabelle Evans,Government-issued ID (Driver's License or Passport),"Copy of a current, non-expired government ID to verify identity.",4/18/2026 1:01pm,Approved,Proof_of_ID.jpeg
recyZA3gtBLNoIBUw,reciyqLYweaAbCvni,Annabelle Evans,Last 2 months of Pay Stubs,Recent pay stubs covering the last 2 months to verify employment and income.,4/18/2026 1:01pm,Approved,Proof_of_income.jpg
recV5uDI6MFcgcKE4,reciyqLYweaAbCvni,Annabelle Evans,Employer Verification Letter,A letter from the employer confirming employment status and income (optional if pay stubs suffice).,4/18/2026 1:01pm,Approved,Proof_of_income.jpg
reczWODtZVpthaw7G,reciyqLYweaAbCvni,Annabelle Evans,Recent Bank Statement (Last 2 months),Bank statements showing an active account for disbursement and deposit verification.,4/18/2026 1:01pm,Approved,Bank_Statements.jpg
recrDTjDaiQXbYJmY,reciyqLYweaAbCvni,Annabelle Evans,Proof of Residential Address (Utility Bill or Lease),"A recent utility bill or lease agreement to confirm the applicant's address, if requested for identity verification.",4/18/2026 1:01pm,Approved,Proof_of_address.jpeg
recB85QoUV1KZ7SmL,recnYEcg4zwCBL5dx,Sunny Lopez,Government-issued ID,Current driver's license or passport to verify identity and date of birth.,4/18/2026 2:13pm,Approved,Proof_of_ID.jpeg
recwCWXCEIWlRsJCQ,recnYEcg4zwCBL5dx,Sunny Lopez,Bank Statements (last 2 months),Most recent two months of business/personal bank statements to verify self‑employment cash flow and an active account.,4/18/2026 2:13pm,Approved,Bank_Statements.jpg
recRvIMatwZABBXGJ,recnYEcg4zwCBL5dx,Sunny Lopez,Tax Return or 1099 (most recent),"Most recent tax return (e.g., Form 1040) or recent 1099s to verify reported self‑employment income.",4/18/2026 2:13pm,Approved,"Bank_Statements.jpg,Bank_Statements.jpg"
recQJDcLdZXxlwrjO,recnYEcg4zwCBL5dx,Sunny Lopez,Proof of Residential Address,Recent utility bill or lease agreement showing the applicant's current address (may be requested for identity verification).,4/18/2026 2:13pm,Approved,Proof_of_address.jpeg
rechJga1O0yRiLlt0,recpkltIoFc7jcpn8,Donald Duck,Government-issued ID,A current driver's license or passport to verify identity (must not be expired).,4/19/2026 11:37am,Requested,
reccuSgE5evBJFjNW,recpkltIoFc7jcpn8,Donald Duck,Recent Pay Stubs (last 2 months),Two most recent pay stubs to verify employment and income.,4/19/2026 11:37am,Requested,
recHnoFFsAlrZAKE1,recpkltIoFc7jcpn8,Donald Duck,Proof of Active Bank Account,Recent bank statement or a voided check showing account number and account activity.,4/19/2026 11:37am,Requested,
recZBC5d8ulKLUgGX,recpkltIoFc7jcpn8,Donald Duck,Employer Verification Letter,A letter from your employer confirming current employment and income.,4/19/2026 11:37am,Requested,
rec9K5CkkwNW4yZp3,recpkltIoFc7jcpn8,Donald Duck,Supporting Documentation for Loan Purpose,Copy of the hospital bill/invoice showing the amount owed and payee to confirm the stated loan purpose.,4/19/2026 11:37am,Requested,
reccRuiu9HCSiSsWe,recI2cdscI2nBfFPb,Charley Johnie,Government-issued ID,"Valid, unexpired driver’s license or passport to verify identity and date of birth.",4/20/2026 8:09am,Uploaded,Screenshot 2025-04-23 at 8.59.42 AM.png
recCNooaTj3XzAB83,recI2cdscI2nBfFPb,Charley Johnie,Proof of Income (Pay Stubs),Last 2 months of pay stubs to verify reported monthly income.,4/20/2026 8:09am,Uploaded,Screenshot 2025-04-23 at 8.59.42 AM.png
recwB7DniDI1WhMDT,recI2cdscI2nBfFPb,Charley Johnie,Employer Verification Letter,Letter from employer confirming current employment status and position.,4/20/2026 8:09am,Uploaded,"Screenshot 2025-04-23 at 8.59.42 AM.png,Screenshot 2025-04-23 at 9.04.02 AM.png"
recFsp3r0a3MAYKno,recI2cdscI2nBfFPb,Charley Johnie,Proof of Bank Account,Recent bank statement or voided check showing an active account in the applicant’s name.,4/20/2026 8:09am,Uploaded,Screenshot 2025-04-23 at 9.01.42 AM.png
recoMk44i5L5z0XyH,recI2cdscI2nBfFPb,Charley Johnie,Proof of Residential Address,Recent utility bill or lease agreement to confirm the applicant’s address (requested due to inconsistent city/state formatting).,4/20/2026 8:09am,Uploaded,"Screenshot 2025-04-23 at 9.03.36 AM.png,I-9Presentation.pdf"
recO3zRxxC9BCxofn,recI2cdscI2nBfFPb,Charley Johnie,Credit Report (if available),Recent credit report or statement to confirm there are no active collections; requested if available.,4/20/2026 8:09am,Uploaded,Screenshot 2025-04-23 at 9.04.02 AM.png
recTOfzBUKNkI0Ta3,recUWaLwkHnuwf97E,Sandra Sollo,Government-issued ID,Current driver's license or passport to verify identity and date of birth.,4/20/2026 8:39am,Uploaded,Screenshot 2025-04-23 at 9.04.02 AM.png
recIeZkEMjZPR5r1l,recUWaLwkHnuwf97E,Sandra Sollo,Pay stubs,Last 2–3 recent pay stubs (minimum 2 months) to verify employment and income.,4/20/2026 8:39am,Uploaded,Screenshot 2025-04-23 at 9.01.42 AM.png
recPU4vTdXkAWRM91,recUWaLwkHnuwf97E,Sandra Sollo,Employer verification letter,Letter from employer confirming current employment and income.,4/20/2026 8:39am,Uploaded,Screenshot 2025-04-23 at 9.04.02 AM.png
recsRuHFpgAkpOC9l,recUWaLwkHnuwf97E,Sandra Sollo,Proof of bank account,Recent bank statement or voided check showing an active account for deposit and verification.,4/20/2026 8:39am,Uploaded,Screenshot 2025-04-23 at 9.01.42 AM.png
recChvtGvOrm8W21N,recUWaLwkHnuwf97E,Sandra Sollo,Proof of residence,Recent utility bill or lease agreement showing the applicant's residential address (requested if additional identity verification is needed).,4/20/2026 8:39am,Uploaded,Screenshot 2025-04-23 at 8.59.42 AM.png
recBCStDpskMYQ69c,recbmRIDbEIwfnm2h,Alexander Goldin,Government-issued ID,"Valid, unexpired driver's license or passport to verify identity.",4/20/2026 11:00am,Uploaded,Screenshot 2025-04-23 at 9.01.42 AM.png
rec4eDf4r5TG1CkTb,recbmRIDbEIwfnm2h,Alexander Goldin,Pay stubs (last 2 months),Recent pay stubs covering the last 2 months to verify employment income.,4/20/2026 11:00am,Uploaded,Screenshot 2025-04-23 at 8.59.42 AM.png
recGQdFjCPoUNbcOe,recbmRIDbEIwfnm2h,Alexander Goldin,Employer verification letter,Letter from employer confirming employment status and income (if available).,4/20/2026 11:00am,Uploaded,"Screenshot 2025-04-23 at 9.04.02 AM.png,I-9Presentation.pdf"
reccS8YwV8KykpKZG,recbmRIDbEIwfnm2h,Alexander Goldin,Bank statement (last 2 months),Recent bank statements to verify an active bank account for disbursement and repayments.,4/20/2026 11:00am,Uploaded,"Screenshot 2025-04-23 at 8.59.42 AM.png,Screenshot 2025-04-23 at 9.01.42 AM.png"
recj33chCxn1Wp7eO,recbmRIDbEIwfnm2h,Alexander Goldin,Proof of residential address,Utility bill or similar document showing current residential address (requested if additional identity verification is needed).,4/20/2026 11:00am,Uploaded,"Screenshot 2025-04-23 at 9.01.42 AM.png,Screenshot 2025-04-23 at 9.04.02 AM.png,Screenshot 2025-04-23 at 8.59.42 AM.png"
recCyU5orcEbun4Lm,rec0YQcE2y0IapmOH,David Smith,Government-issued ID,"Valid, unexpired driver’s license or passport to verify identity.",4/20/2026 3:22pm,Approved,Proof_of_ID.jpeg
recpMNDNjiDYX3KVr,rec0YQcE2y0IapmOH,David Smith,Bank statements (last 2 months),Recent bank statements to verify self-employment deposits and confirm an active bank account.,4/20/2026 3:22pm,Approved,Bank_Statements.jpg
recZeHDK9ybzse5o4,rec0YQcE2y0IapmOH,David Smith,Most recent tax return or 1099,Latest tax return (Form 1040) or 1099 forms to verify self-employment income.,4/20/2026 3:22pm,Approved,Proof_of_income.jpg
reciXV1DsVNRuX4yK,rec0YQcE2y0IapmOH,David Smith,Proof of residential address,Recent utility bill or lease agreement showing the applicant’s current residential address.,4/20/2026 3:22pm,Approved,Proof_of_address.jpeg
reck6UAVnvluhB4uG,recsJiKLucFvfuiv9,Barbara Boring,Government-issued ID,A current (not expired) driver’s license or passport to verify identity.,4/21/2026 4:18am,Approved,Screenshot 2025-04-23 at 8.59.42 AM.png
rec7wJT10PHmt2fVd,recsJiKLucFvfuiv9,Barbara Boring,Pay stubs (last 2 months),Most recent 2 months of pay stubs to verify employment and income.,4/21/2026 4:18am,Approved,"Screenshot 2025-04-23 at 8.59.42 AM.png,Screenshot 2025-04-23 at 8.59.42 AM.png"
recWy65liAN6tPL4V,recsJiKLucFvfuiv9,Barbara Boring,Employer verification letter,A letter from your employer confirming employment status and income (optional if pay stubs suffice).,4/21/2026 4:18am,Approved,"Screenshot 2025-04-23 at 9.03.36 AM.png,I-9Presentation.pdf"
recnyxOZSfYDztinj,recsJiKLucFvfuiv9,Barbara Boring,Proof of bank account,A recent bank statement or voided check showing an active account for disbursement and repayment.,4/21/2026 4:18am,Approved,Screenshot 2025-04-23 at 9.04.02 AM.png
recESmuZihpAhdMFh,recsJiKLucFvfuiv9,Barbara Boring,Proof of residence,"A recent utility bill, lease, or similar document showing the applicant’s residential address.",4/21/2026 4:18am,Approved,Screenshot 2025-04-23 at 9.01.42 AM.png
recQRMTtpqQDiux3W,reczXxU8kOZpULU1B,Benny Lancaster,Government-issued ID,Current driver's license or passport to verify identity (must be unexpired).,4/21/2026 8:10am,Uploaded,Proof_of_ID.jpeg
recybDmQsAREVKcIS,reczXxU8kOZpULU1B,Benny Lancaster,Recent Pay Stubs (last 2 months),Most recent two pay stubs to verify employment and income.,4/21/2026 8:10am,Uploaded,paystubs.jpg
recyWvD7liFWHiZJi,reczXxU8kOZpULU1B,Benny Lancaster,Proof of Active Bank Account,Recent bank statement or voided check showing an active account for disbursement and repayment.,4/21/2026 8:10am,Uploaded,Bank_statements.jpg
recF1s4jvBoiWpNSB,reczXxU8kOZpULU1B,Benny Lancaster,Employer Verification Letter,Letter from your employer confirming employment status and income (optional if pay stubs sufficient).,4/21/2026 8:10am,Uploaded,Proof_of_income.jpg
recmairj93AwMy3kq,reczXxU8kOZpULU1B,Benny Lancaster,Proof of Residential Address,"Utility bill, lease agreement, or similar document to confirm your residential address (requested due to P.O. box address).",4/21/2026 8:10am,Uploaded,Proof_of_address.jpeg
recwH5cIRlmyk0uqy,recshBNFzAcYRF0DT,Henry Miller,Government-issued ID,Current driver’s license or passport to verify identity (must not be expired).,4/21/2026 11:27am,Approved,Proof_of_ID.jpeg
recZh2fUhrA8MtBor,recshBNFzAcYRF0DT,Henry Miller,Pay stubs,Last 2–3 recent pay stubs to verify employment income (minimum last 2 months).,4/21/2026 11:27am,Approved,paystubs.jpg
recYWGHK6bH8tnL9J,recshBNFzAcYRF0DT,Henry Miller,Employer verification letter,A brief letter from your employer confirming employment status and income.,4/21/2026 11:27am,Approved,Proof_of_income.jpg
recZB4QUN1NZRbM7J,recshBNFzAcYRF0DT,Henry Miller,Bank statement,Recent bank statement (last 1–2 months) to verify an active bank account.,4/21/2026 11:27am,Approved,Bank_statements.jpg
recnbhNUJMAHysGke,recshBNFzAcYRF0DT,Henry Miller,Proof of residential address,Recent utility bill or lease agreement showing the applicant's name and address (may be requested for identity/address verification).,4/21/2026 11:27am,Approved,Proof_of_address.jpeg
rec8FK3Pp74seFQDr,recJXCNxrQWJhPjsZ,Jordan River,Government-issued ID,"Current, unexpired driver’s license or passport to verify identity.",4/21/2026 11:41am,Uploaded,Screenshot 2025-04-23 at 8.59.42 AM.png
reckppHIpuy6mI7jY,recJXCNxrQWJhPjsZ,Jordan River,Pay stubs (last 2 months),Recent pay stubs covering the last 2 months to verify employment income.,4/21/2026 11:41am,Uploaded,"Screenshot 2025-04-23 at 9.04.02 AM.png,I-9Presentation.pdf"
rechwDVJGyRprpU7t,recJXCNxrQWJhPjsZ,Jordan River,Employer verification letter,Letter from employer confirming employment status and (if available) income.,4/21/2026 11:41am,Uploaded,Screenshot 2025-04-23 at 9.03.36 AM.png
recyWCQvECAvdPorI,recJXCNxrQWJhPjsZ,Jordan River,Proof of active bank account,Recent bank statement or screenshot showing account number and recent activity to verify an active account for deposits/repayments.,4/21/2026 11:41am,Uploaded,"I-9Presentation.pdf,Screenshot 2025-04-23 at 9.04.02 AM.png"
rechtjCalN31QuJtY,recJXCNxrQWJhPjsZ,Jordan River,Proof of residential address,"Utility bill, lease agreement, or similar document showing the applicant's residential address.",4/21/2026 11:41am,Uploaded,"Screenshot 2025-04-23 at 9.01.42 AM.png,camphoto_1903590565.jpeg"
recEhA3dmozglHv9A,recwnUFiienN17ad8,Henry Miller,Government-issued ID,"Valid, unexpired driver’s license or passport to verify identity.",4/21/2026 12:18pm,Uploaded,Proof_of_ID.jpeg
recdgHusnrcfg49L8,recwnUFiienN17ad8,Henry Miller,Pay Stubs (Last 2 months),Recent pay stubs covering at least the last 2 months to verify income.,4/21/2026 12:18pm,Uploaded,paystubs.jpg
recoYnYOTH5fFbO54,recwnUFiienN17ad8,Henry Miller,Proof of Bank Account,"Recent bank statement or voided check showing an active, valid account for disbursement and repayment.",4/21/2026 12:18pm,Uploaded,Bank_statements.jpg
rec5v6VBvEIEqAQnK,recwnUFiienN17ad8,Henry Miller,Proof of Residential Address,"Utility bill, lease, or similar document showing the applicant’s name and current address.",4/21/2026 12:18pm,Uploaded,"Proof_of_address.jpeg,Proof_of_address.jpeg"
recMPRvOjF3Gkb0Kk,recN0eovNdM1UmJlm,Melinda Rasolt,Government-issued ID,"Valid, unexpired driver's license or passport to verify identity.",4/26/2026 4:01pm,Requested,
recG8D0NxPpoaKZaY,recN0eovNdM1UmJlm,Melinda Rasolt,Recent pay stubs,Last 2–3 pay stubs to confirm employment income.,4/26/2026 4:01pm,Requested,
recebJco8NAPAqBno,recN0eovNdM1UmJlm,Melinda Rasolt,Employer verification letter,Letter from employer confirming current employment and salary.,4/26/2026 4:01pm,Requested,
recPYErLBxYM02RqI,recN0eovNdM1UmJlm,Melinda Rasolt,Proof of active bank account,Recent bank statement or voided check showing an active account for loan disbursement.,4/26/2026 4:01pm,Requested,